,name,lr,gpu,time,alpha,block,decay,epoch,wandb,device,fc_out,m2_mlp,method,adjoint,augment,dataset,dropout,max_nfe,not_lcc,raytune,use_mlp,w_style,beta_dim,function,gcn_bias,gcn_symm,patience,alpha_dim,data_norm,gcn_fixed,max_iters,optimizer,rand_seed,step_size,tol_scale,add_source,batch_norm,gcn_params,hidden_dim,label_rate,num_splits,omega_diag,self_loops,time_dep_w,undirected,use_labels,gcn_enc_dec,gcn_non_lin,omega_style,w_diag_init,wandb_group,wandb_sweep,graff_params,omega_params,w_param_free,wandb_entity,XN_activation,input_dropout,target_homoph,w_diag_init_q,w_diag_init_r,wandb_offline,wandb_project,adjoint_method,gcn_params_idx,max_test_steps,omega_diag_val,wandb_run_name,conv_batch_norm,gcn_mid_dropout,geom_gcn_splits,planetoid_split,track_grad_flow,use_best_params,graff_gcn_params,no_alpha_sigmoid,pointwise_nonlin,self_loop_weight,adjoint_step_size,time_dep_struct_w,tol_scale_adjoint,track_grad_flow_switch,std_fwd,_runtime,test_acc_mean,ev_av,T0_WDE,TNr_DE,test_acc_std,TN_WDE,ev_std,RQX0,TN_DE,_wandb,_timestamp,RQXN,_step,T0_DE,train_acc_mean,gf_table,enc_pred_homophil,T0r_DE,av_fwd,num_params,val_acc_mean,pred_homophil,ev_max,ev_min,ev_skew,label_homophil
20,crimson-sweep-4,0.000117,0,2.0,1,constant,0.02737,201,True,cpu,False,False,euler,False,False,Citeseer,0.2224,1000,False,False,False,asymm,sc,graff,False,False,,sc,rw,False,100,adam,7013,0.5,1,True,False,,64,0.5,10,const,True,True,True,False,False,False,diag,uniform,testing,True,,,True,graph_neural_diffusion,False,0.5129,0.80,1,0,False,greed,adaptive_heun,0,100,1,,none,False,True,False,True,True,"[0, 'diag', 'const', 1, True, 'asymm', True, False]",False,True,,1,False,1,True,0.013339882808621606,171.5767321586609,63.85815060343363,0.01858463883399963,499.05426025390625,0.2712455987930298,5.861322420464009,-820.97998046875,1.7215962409973145,0.4377526342868805,2002.101806640625,{'runtime': 171},1681394094.7180102,0.2712455987930298,1,2531.35009765625,74.41777378549618,"{'size': 603, '_type': 'table-file', 'ncols': 6, 'nrows': 5, 'sha256': 'e1dc4d1bb9155ce1304dabcabc9a1d11f86c58a081090bf07959b487096913fa', 'artifact_path': 'wandb-client-artifact://fbgjmb0pjhbi7tz5d4dw31rrq801zg9s8ep57lv01hfyftns49wfv02izcxaobc2gp3w149tjekkwvpzdlcwfx2qenaba7lztaud5j1l6gnih070ogw10mt2auhpi667:latest/gf_table.table.json', '_latest_artifact_path': 'wandb-client-artifact://fbgjmb0pjhbi7tz5d4dw31rrq801zg9s8ep57lv01hfyftns49wfv02izcxaobc2gp3w149tjekkwvpzdlcwfx2qenaba7lztaud5j1l6gnih070ogw10mt2auhpi667:latest/gf_table.table.json', 'path': 'media/table/gf_table_0_e1dc4d1bb9155ce1304d.table.json'}",1.099670171737671,0.4377526044845581,0.0835047310590744,254090,64.26862204152752,1.642184853553772,3.0754103660583496,-3.1217894554138184,0.00907909870147705,1.612581491470337
2,dutiful-sweep-22,0.002105,0,2.008,1,constant,0.01838,201,True,cpu,False,False,euler,False,False,cornell_old,0.2978,1000,True,False,False,asymm,sc,graff,False,False,,sc,rw,False,100,adam,4438,1.0,1,True,False,,256,0.5,10,const,True,True,True,False,False,False,diag,uniform,testing,True,,,True,graph_neural_diffusion,False,0.4421,0.80,1,0,False,greed,adaptive_heun,0,100,1,,none,False,True,False,True,True,"[0, 'diag', 'const', 1, True, 'asymm', True, False]",False,True,,1,False,1,True,0.0005776804459698468,20.39406704902649,80.54054054054053,-2.8193207981530577e-05,15.186525344848633,1.0341451168060305,5.512453528208416,19.584716796875,0.001676601707004011,1.1785935163497925,5030.04150390625,{'runtime': 19},1681403340.903434,1.0341451168060305,1,5332.58984375,100.0,"{'_latest_artifact_path': 'wandb-client-artifact://uxfzsy3sbdu32h9mrea7ygqyqfi704ufyfnfhg74lfmcu7yyn8qg84vk9xjweovbgitru5genqhtvd02asaf50jf1d40uyrwv7w9n8v8ap4rj2d3oim3zrpyo9blj4r0:latest/gf_table.table.json', 'path': 'media/table/gf_table_0_66d9cdaf72a4db250118.table.json', 'size': 373, '_type': 'table-file', 'ncols': 6, 'nrows': 3, 'sha256': '66d9cdaf72a4db2501189beddf28462dcd2eae56f1285726a1081971919ebf15', 'artifact_path': 'wandb-client-artifact://uxfzsy3sbdu32h9mrea7ygqyqfi704ufyfnfhg74lfmcu7yyn8qg84vk9xjweovbgitru5genqhtvd02asaf50jf1d40uyrwv7w9n8v8ap4rj2d3oim3zrpyo9blj4r0:latest/gf_table.table.json'}",0.7625508904457092,1.1785935163497925,0.008567037343978881,634889,86.61016949152544,1.093622803688049,0.009304310195147991,-0.020467206835746765,-12.733638763427734,0.9416553378105164
5,robust-sweep-19,0.002908,0,2.099,1,constant,0.03178,201,True,cpu,False,False,euler,False,False,wisconsin,0.3717,1000,True,False,False,asymm,sc,graff,False,False,,sc,rw,False,100,adam,6941,0.5,1,True,False,,256,0.5,10,const,True,True,True,False,False,False,diag,uniform,testing,True,,,True,graph_neural_diffusion,False,0.3674,0.80,1,0,False,greed,adaptive_heun,0,100,1,,none,False,True,False,True,True,"[0, 'diag', 'const', 1, True, 'asymm', True, False]",False,True,,1,False,1,True,0.0009915234780948,31.929341793060303,83.92156862745097,-0.00024814665084704757,149.1221923828125,1.1301085948944092,4.705882352941176,156.0972137451172,0.01182604767382145,1.1672033071517944,6049.7294921875,{'runtime': 31},1681403213.1271958,1.1301084756851196,1,6317.55078125,98.83333333333331,"{'artifact_path': 'wandb-client-artifact://dmp98oiwbt6s5zhzfzzbn0235uvecnfb2443b6hxwsxxxrukj0b84tvnx7fy7836idxxwxep4wtdk6gr35zga0tqrev3otcgxu209k0oyhzhjndmvpdw079qfdt7blnx:latest/gf_table.table.json', '_latest_artifact_path': 'wandb-client-artifact://dmp98oiwbt6s5zhzfzzbn0235uvecnfb2443b6hxwsxxxrukj0b84tvnx7fy7836idxxwxep4wtdk6gr35zga0tqrev3otcgxu209k0oyhzhjndmvpdw079qfdt7blnx:latest/gf_table.table.json', 'path': 'media/table/gf_table_0_9e695e847c302ef8de69.table.json', 'size': 592, '_type': 'table-file', 'ncols': 6, 'nrows': 5, 'sha256': '9e695e847c302ef8de6910cf6f2d81a53f0213e7cdea73b4b2c8a4df1e478ac4'}",0.5821025371551514,1.1672031879425049,0.014265192031860352,766473,86.37499999999999,0.7940921187400818,0.050735726952552795,-0.14899742603302002,-14.807034492492676,0.7141615748405457
17,hardy-sweep-7,0.00394,0,2.552,1,constant,0.0003348,201,True,cpu,False,False,euler,False,False,Pubmed,0.4232,1000,True,False,False,asymm,sc,graff,False,False,,sc,rw,False,100,adam,2051,0.5,1,True,False,,64,0.5,10,const,True,True,True,False,False,False,diag,uniform,testing,True,,,True,graph_neural_diffusion,False,0.412,0.80,1,0,False,greed,adaptive_heun,0,100,1,,none,False,True,False,True,True,"[0, 'diag', 'const', 1, True, 'asymm', True, False]",False,True,,1,False,1,True,0.020400078639765645,578.1916160583496,88.44320486815415,0.0088418023660779,429.3045654296875,0.17536911368370056,0.4013460230711866,-3775.130859375,0.18561775982379913,0.8153572082519531,24638.64453125,{'runtime': 577},1681395074.056622,0.17536911368370056,1,10430.900390625,90.62031068371552,"{'size': 677, '_type': 'table-file', 'ncols': 6, 'nrows': 6, 'sha256': '01f0667ac464f4c892eb8581dc9553757e77d2fca6949119009f09843120fbcb', 'artifact_path': 'wandb-client-artifact://kcgh70q58wnexdgloztrl8vovqpzaogq5ivev5p4eua5hzne443r6w612ql78c6k643wqm7vqbhwzaj73ruedlicu1d61lt4dphyl5zrar4tlyeb0h6ypt1tqrpyqkcw:latest/gf_table.table.json', '_latest_artifact_path': 'wandb-client-artifact://kcgh70q58wnexdgloztrl8vovqpzaogq5ivev5p4eua5hzne443r6w612ql78c6k643wqm7vqbhwzaj73ruedlicu1d61lt4dphyl5zrar4tlyeb0h6ypt1tqrpyqkcw:latest/gf_table.table.json', 'path': 'media/table/gf_table_0_01f0667ac464f4c892eb.table.json'}",1.515932321548462,0.8153570294380188,0.27745006918907167,57223,88.85261489698891,1.8363678455352783,0.8224149942398071,-0.7108697891235352,1.8813058137893677,1.6766853332519531
8,valiant-sweep-16,0.004,0,2.985,1,constant,0.0089,201,True,cpu,False,False,euler,False,False,texas,0.3293,1000,True,False,False,asymm,sc,graff,False,False,,sc,rw,False,100,adam,6120,0.5,1,True,False,,256,0.5,10,const,True,True,True,False,False,False,diag,uniform,testing,True,,,True,graph_neural_diffusion,False,0.3936,0.80,1,0,False,greed,adaptive_heun,0,100,1,,none,False,True,False,True,True,"[0, 'diag', 'const', 1, True, 'asymm', True, False]",False,True,,1,False,1,True,0.0008088101231036673,28.903693914413452,81.8918918918919,-0.0004911548458039761,418.2270812988281,1.1656503677368164,6.1690336273045,448.0583190917969,0.037202101200819016,1.2150501012802124,6942.9736328125,{'runtime': 28},1681403081.302984,1.1656503677368164,1,7239.95654296875,99.77011494252876,"{'path': 'media/table/gf_table_0_8d08f14f48dae55c79f3.table.json', 'size': 681, '_type': 'table-file', 'ncols': 6, 'nrows': 6, 'sha256': '8d08f14f48dae55c79f39efa8aecd0fc8647bfbf589768cee91f04dfad9e9848', 'artifact_path': 'wandb-client-artifact://dcrlos84zetctz9413vd8b0xjn04koz9wfh6cu94ai648wjm5642qs36hvjs5mw1x6o1bargnzcbhykqy02dadnufoeko22htk3vzht6n88o8ucepyhsefqnrv6vhxf5:latest/gf_table.table.json', '_latest_artifact_path': 'wandb-client-artifact://dcrlos84zetctz9413vd8b0xjn04koz9wfh6cu94ai648wjm5642qs36hvjs5mw1x6o1bargnzcbhykqy02dadnufoeko22htk3vzht6n88o8ucepyhsefqnrv6vhxf5:latest/gf_table.table.json'}",0.5695006847381592,1.2150501012802124,0.01267814612388611,832265,89.66101694915254,1.0877193212509155,0.2057272642850876,-0.39808401465415955,-8.196499824523926,0.5856950283050537
23,genial-sweep-1,0.00261,0,3.0,1,constant,0.04125,201,True,cpu,False,False,euler,False,False,Cora,0.3386,1000,True,False,False,asymm,sc,graff,False,False,,sc,rw,False,100,adam,8352,0.25,1,True,False,,64,0.5,10,const,True,True,True,False,False,False,diag,uniform,testing,True,,,True,graph_neural_diffusion,False,0.5294,0.80,1,0,False,greed,adaptive_heun,0,100,1,,none,False,True,False,True,True,"[0, 'diag', 'const', 1, True, 'asymm', True, False]",False,True,,1,False,1,True,0.00580092470648878,149.13189721107483,67.70623742454728,-0.00044169940520077944,278.5284118652344,0.5604097247123718,2.651435123603902,283.7978820800781,0.02700300514698029,0.569140613079071,3570.37646484375,{'runtime': 148},1681393595.2859242,0.5604097247123718,1,3636.52099609375,80.2265100671141,"{'size': 1453, '_type': 'table-file', 'ncols': 6, 'nrows': 13, 'sha256': '9531e4088ce13543f855a0b5d3a6f6d841dc60ae3125679149e2030f1f78d848', 'artifact_path': 'wandb-client-artifact://4flngudw0opqrxf92mq4115qgqn0y1sjg0lnvwygf3geigad0nj28pre9jdug0z1he7wjre8lnsfwukqkmwim7f5j6ol9aum6nq2ab4xvhlfvlq99wjr7pn8ewgvuvzx:latest/gf_table.table.json', '_latest_artifact_path': 'wandb-client-artifact://4flngudw0opqrxf92mq4115qgqn0y1sjg0lnvwygf3geigad0nj28pre9jdug0z1he7wjre8lnsfwukqkmwim7f5j6ol9aum6nq2ab4xvhlfvlq99wjr7pn8ewgvuvzx:latest/gf_table.table.json', 'path': 'media/table/gf_table_0_9531e4088ce13543f855.table.json'}",0.6469143629074097,0.569140613079071,0.07239363586902618,142155,68.78140703517587,1.4533787965774536,0.06016934663057327,-0.19105398654937744,-10.416728973388672,1.6853362321853638
14,rose-sweep-10,0.001411,0,3.194,1,constant,0.0004295,201,True,cpu,False,False,euler,False,False,chameleon,0.3674,1000,True,False,False,asymm,sc,graff,False,False,,sc,rw,False,100,adam,5668,1.0,1,True,False,,64,0.5,10,const,True,True,True,False,False,False,diag,uniform,testing,True,,,True,graph_neural_diffusion,False,0.4327,0.80,1,0,False,greed,adaptive_heun,0,100,1,,none,False,True,False,True,True,"[0, 'diag', 'const', 1, True, 'asymm', True, False]",False,True,,1,False,1,True,0.007259100358840593,177.78062510490415,60.67982456140351,0.004931898787617683,534.7872314453125,0.8161495923995972,1.757261897154879,5835.203125,0.5584560632705688,1.5702035427093506,41434.7265625,{'runtime': 177},1681396456.7750452,0.8161495923995972,1,35834.91015625,98.14102564102564,"{'sha256': '8bada6f5e393791cb42922e66d5c9fadf319f16d0aaafe1c8cbfb0cfd17c49d6', 'artifact_path': 'wandb-client-artifact://e4xb08agbmetl6j0a62avtwdfpyd7nottdqgb0o8d2lj4ept0ibe36j39t72oonovwze9issb804u9erymle5y6vkgn2lemw7rax8q05tkon8rlzsr7t5glal8v5nufd:latest/gf_table.table.json', '_latest_artifact_path': 'wandb-client-artifact://e4xb08agbmetl6j0a62avtwdfpyd7nottdqgb0o8d2lj4ept0ibe36j39t72oonovwze9issb804u9erymle5y6vkgn2lemw7rax8q05tkon8rlzsr7t5glal8v5nufd:latest/gf_table.table.json', 'path': 'media/table/gf_table_0_8bada6f5e393791cb429.table.json', 'size': 476, '_type': 'table-file', 'ncols': 6, 'nrows': 4}",0.23596179485321045,1.5702037811279297,0.08648900616168975,165833,62.04389574759945,0.5883510708808899,1.9394230842590332,-1.9885904788970947,-0.4633821249008178,0.5137882828712463
11,still-sweep-13,0.0027,0,3.275,1,constant,0.0006,201,True,cpu,False,False,euler,False,False,squirrel,0.159,1000,True,False,False,asymm,sc,graff,False,False,,sc,rw,False,100,adam,6375,1.0,1,False,False,,128,0.5,10,const,True,True,True,False,False,False,diag,uniform,testing,True,,,True,graph_neural_diffusion,False,0.349,0.80,1,0,False,greed,adaptive_heun,0,100,1,,layerwise,False,True,False,True,True,"[0, 'diag', 'const', 1, True, 'asymm', True, False]",False,True,,1,False,1,True,7.403745721078311,2081.3927211761475,55.60999039385207,-0.020298782736063004,97.1458511352539,0.6125062108039856,1.6484832796334052,999337.125,0.8656864762306213,1.6392170190811155,680132.5625,{'runtime': 2080},1681399020.5847292,0.6125062704086304,1,17784.912109375,99.43910256410255,"{'size': 457, '_type': 'table-file', 'ncols': 6, 'nrows': 4, 'sha256': '760f9c64ea7a4d117938e9b8cc3106d2d1895b511cf8e0a3bfee90ff2f2a1af7', 'artifact_path': 'wandb-client-artifact://30ewtct2nx2p3vwhyy6pzor8v9ji3skgje04a5d62f5yba724m9tkj4q9jyyq756jsufpksuzyqjdkrvrh6q909x9o8fhn1mn2pt3p67m946m2nqk4l80ld724b9wxoy:latest/gf_table.table.json', '_latest_artifact_path': 'wandb-client-artifact://30ewtct2nx2p3vwhyy6pzor8v9ji3skgje04a5d62f5yba724m9tkj4q9jyyq756jsufpksuzyqjdkrvrh6q909x9o8fhn1mn2pt3p67m946m2nqk4l80ld724b9wxoy:latest/gf_table.table.json', 'path': 'media/table/gf_table_0_760f9c64ea7a4d117938.table.json'}",0.14554113149642944,1.6392168998718262,1.0299416708946227,334217,56.4483173076923,0.5342679023742676,3.884206295013428,-6.451961994171143,-4.904127597808838,0.464400976896286
19,apricot-sweep-5,0.000117,0,2.0,1,constant,0.02737,201,True,cpu,False,False,euler,False,False,Citeseer,0.2224,1000,False,False,False,sum,sc,graff,False,False,,sc,rw,False,100,adam,2126,0.5,1,True,False,,64,0.5,10,none,True,False,True,False,False,False,zero,uniform,testing,True,,,True,graph_neural_diffusion,True,0.5129,0.80,1,0,False,greed,adaptive_heun,1,100,0,,none,False,True,False,True,True,"[1, 'zero', 'none', 0, False, 'sum', False, True]",False,False,,1,False,1,True,0.014394487046698929,175.83526134490967,75.63480933763952,0.11926812678575516,-6984.9404296875,0.09952788054943083,1.782376134884959,-362739.71875,1.3372899293899536,0.44250598549842834,28536.087890625,{'runtime': 175},1681394286.1103842,0.09952788800001144,1,3122.701171875,84.19744050391465,"{'size': 590, '_type': 'table-file', 'ncols': 6, 'nrows': 5, 'sha256': '29e213b195e93400b73b19f5c628b04f38032e0174cf23d35e716166872de694', 'artifact_path': 'wandb-client-artifact://x1mihjwid919gk6nijfihpdr038suo9phcx1t1s08kby99xnd1w3kegjyajfocqjes602mi6xts77kpcqb4g9sm1b6jqv8ampwlg0m1brqjhsf725uhnxw0ujvhg1xlu:latest/gf_table.table.json', '_latest_artifact_path': 'wandb-client-artifact://x1mihjwid919gk6nijfihpdr038suo9phcx1t1s08kby99xnd1w3kegjyajfocqjes602mi6xts77kpcqb4g9sm1b6jqv8ampwlg0m1brqjhsf725uhnxw0ujvhg1xlu:latest/gf_table.table.json', 'path': 'media/table/gf_table_0_29e213b195e93400b73b.table.json'}",0.8712090849876404,0.44250601530075073,0.08553729546070099,241546,76.1348295961335,1.8886654376983645,2.9718480110168457,-2.3942172527313232,0.2357576489448547,1.612581491470337
1,breezy-sweep-23,0.002105,0,2.008,1,constant,0.01838,201,True,cpu,False,False,euler,False,False,cornell_old,0.2978,1000,True,False,False,sum,sc,graff,False,False,,sc,rw,False,100,adam,5986,1.0,1,True,False,,256,0.5,10,none,True,False,True,False,False,False,zero,uniform,testing,True,,,True,graph_neural_diffusion,True,0.4421,0.80,1,0,False,greed,adaptive_heun,1,100,0,,none,False,True,False,True,True,"[1, 'zero', 'none', 0, False, 'sum', False, True]",False,False,,1,False,1,True,0.0005418906037459558,19.34606409072876,74.5945945945946,0.010870776139199734,-211.8915557861328,0.788799524307251,6.531376201943011,-6444.3056640625,0.15545077621936798,1.2241276502609253,9795.7685546875,{'runtime': 18},1681403379.704467,0.788799524307251,1,2896.74560546875,100.0,"{'sha256': '251a3939a57415ffc0d17ed458d7dd85a28da5c094f7b2845a476676460ad21d', 'artifact_path': 'wandb-client-artifact://1p1m6z2toqipcky794pegx9gae7p5p71rv3onaosgtc8jf54a4hwr51xoelbpjpcwqw6f4dkc3onsy0obtw9to2uf1zxbh79kkuor84tfdivrydeydwp2l0mas1dzbbq:latest/gf_table.table.json', '_latest_artifact_path': 'wandb-client-artifact://1p1m6z2toqipcky794pegx9gae7p5p71rv3onaosgtc8jf54a4hwr51xoelbpjpcwqw6f4dkc3onsy0obtw9to2uf1zxbh79kkuor84tfdivrydeydwp2l0mas1dzbbq:latest/gf_table.table.json', 'path': 'media/table/gf_table_0_251a3939a57415ffc0d1.table.json', 'size': 378, '_type': 'table-file', 'ncols': 6, 'nrows': 3}",0.6051560640335083,1.2241277694702148,0.008092982292175293,503049,83.22033898305085,1.0990501642227173,1.7305762767791748,-0.9401461482048036,12.776689529418944,0.9416553378105164
4,divine-sweep-20,0.002908,0,2.099,1,constant,0.03178,201,True,cpu,False,False,euler,False,False,wisconsin,0.3717,1000,True,False,False,sum,sc,graff,False,False,,sc,rw,False,100,adam,53,0.5,1,True,False,,256,0.5,10,none,True,False,True,False,False,False,zero,uniform,testing,True,,,True,graph_neural_diffusion,True,0.3674,0.80,1,0,False,greed,adaptive_heun,1,100,0,,none,False,True,False,True,True,"[1, 'zero', 'none', 0, False, 'sum', False, True]",False,False,,1,False,1,True,0.000856684891046307,29.18422222137451,83.52941176470587,0.006715424824506044,-274.37420654296875,0.7877544164657593,4.223658672262356,-5279.2509765625,0.12335152924060822,1.3254090547561646,11769.1025390625,{'runtime': 28},1681403256.7132611,0.7877544164657593,1,2764.25,100.0,"{'path': 'media/table/gf_table_0_4ddedaf859872eeda974.table.json', 'size': 587, '_type': 'table-file', 'ncols': 6, 'nrows': 5, 'sha256': '4ddedaf859872eeda97428ea552a0ac91e8284b2067ad2a39ad739ae348ea0b8', 'artifact_path': 'wandb-client-artifact://nnk874vdsglxuqtmjn6cdop45ek5a4mifgvd3q2idh72ocgiijq7rhbhgpmjdj09c8r4uoxwdldmvjubvwi5nojwiubqzmvq76p7lz0ok9ttz66tzzn5083oz5gmvczp:latest/gf_table.table.json', '_latest_artifact_path': 'wandb-client-artifact://nnk874vdsglxuqtmjn6cdop45ek5a4mifgvd3q2idh72ocgiijq7rhbhgpmjdj09c8r4uoxwdldmvjubvwi5nojwiubqzmvq76p7lz0ok9ttz66tzzn5083oz5gmvczp:latest/gf_table.table.json'}",0.6377063393592834,1.325409173965454,0.012976160287857056,503049,86.37500000000001,0.7141615748405457,1.2894457578659058,-0.940030872821808,9.209013938903809,0.7141615748405457
16,atomic-sweep-8,0.00394,0,2.552,1,constant,0.0003348,201,True,cpu,False,False,euler,False,False,Pubmed,0.4232,1000,True,False,False,sum,sc,graff,False,False,,sc,rw,False,100,adam,1114,0.5,1,True,False,,64,0.5,10,none,True,False,True,False,False,False,zero,uniform,testing,True,,,True,graph_neural_diffusion,True,0.412,0.80,1,0,False,greed,adaptive_heun,1,100,0,,none,False,True,False,True,True,"[1, 'zero', 'none', 0, False, 'sum', False, True]",False,False,,1,False,1,True,0.019200509304488703,561.7867300510406,87.96653144016227,0.11385995149612428,-314.037841796875,0.19367259740829468,0.4683743035990666,-2532704.5,1.4354323148727417,0.922009825706482,226051.453125,{'runtime': 561},1681395654.476955,0.19367259740829468,1,2230.52978515625,90.12680967980556,"{'nrows': 6, 'sha256': 'c841b0a282f6ce8f343c995cb890f662d17f161d40a9b208c03126d5970f4951', 'artifact_path': 'wandb-client-artifact://hh26j14y4ta3tb8jkkal2nrgy6bk00ykup8szauf65minry2c1r3h2p1o2r0zixge4o5v336w6ekq5gsc0uauw1ltp3hvj0ha7we2pdal82tc4vvvro3igf2f91autfb:latest/gf_table.table.json', '_latest_artifact_path': 'wandb-client-artifact://hh26j14y4ta3tb8jkkal2nrgy6bk00ykup8szauf65minry2c1r3h2p1o2r0zixge4o5v336w6ekq5gsc0uauw1ltp3hvj0ha7we2pdal82tc4vvvro3igf2f91autfb:latest/gf_table.table.json', 'path': 'media/table/gf_table_0_c841b0a282f6ce8f343c.table.json', 'size': 681, '_type': 'table-file', 'ncols': 6}",1.198855757713318,0.9220099449157716,0.2705581712722778,36359,88.37242472266243,1.8514649868011477,5.030710697174072,-2.400172233581543,1.8112008571624756,1.6766853332519531
7,confused-sweep-17,0.004,0,2.985,1,constant,0.0089,201,True,cpu,False,False,euler,False,False,texas,0.3293,1000,True,False,False,sum,sc,graff,False,False,,sc,rw,False,100,adam,3395,0.5,1,True,False,,256,0.5,10,none,True,False,True,False,False,False,zero,uniform,testing,True,,,True,graph_neural_diffusion,True,0.3936,0.80,1,0,False,greed,adaptive_heun,1,100,0,,none,False,True,False,True,True,"[1, 'zero', 'none', 0, False, 'sum', False, True]",False,False,,1,False,1,True,0.0007253288105776312,25.87798810005188,72.43243243243245,-0.013454388827085497,1589.9383544921875,1.4584622383117676,6.922296472900377,-55664.23828125,0.6523771286010742,1.3391364812850952,112241.15625,{'runtime': 25},1681403124.3884091,1.4584622383117676,1,6255.86279296875,99.6551724137931,"{'_type': 'table-file', 'ncols': 6, 'nrows': 6, 'sha256': 'abc161856d3060c95c0a00c8b226462853f7ca5d23cb8bcb965f0657fc142853', 'artifact_path': 'wandb-client-artifact://f3f3mhseh4zfkqyoikfz070mpwaf6yb6keg651wm6gao2ja3nlxwqupseskxnigpprsf5kvyr6ad9er8850gtxninccup1yveu8lqdc35t6y84o48f88uspq8qtbcln8:latest/gf_table.table.json', '_latest_artifact_path': 'wandb-client-artifact://f3f3mhseh4zfkqyoikfz070mpwaf6yb6keg651wm6gao2ja3nlxwqupseskxnigpprsf5kvyr6ad9er8850gtxninccup1yveu8lqdc35t6y84o48f88uspq8qtbcln8:latest/gf_table.table.json', 'path': 'media/table/gf_table_0_abc161856d3060c95c0a.table.json', 'size': 697}",0.9959514141082764,1.3391367197036743,0.011347565531730651,503049,78.13559322033899,0.7260459065437317,2.176659345626831,-2.88554048538208,-0.6362181305885315,0.5856950283050537
22,dauntless-sweep-2,0.00261,0,3.0,1,constant,0.04125,201,True,cpu,False,False,euler,False,False,Cora,0.3386,1000,True,False,False,sum,sc,graff,False,False,,sc,rw,False,100,adam,8313,0.25,1,True,False,,64,0.5,10,none,True,False,True,False,False,False,zero,uniform,testing,True,,,True,graph_neural_diffusion,True,0.5294,0.80,1,0,False,greed,adaptive_heun,1,100,0,,none,False,True,False,True,True,"[1, 'zero', 'none', 0, False, 'sum', False, True]",False,False,,1,False,1,True,0.0064773525950303,139.50305604934692,86.80080482897384,0.1923694759607315,-766.3510131835938,0.12546667456626892,1.409025464789666,-803530.9375,0.675297200679779,0.6682193875312805,76343.2109375,{'runtime': 138},1681393751.625204,0.12546667456626892,1,716.497314453125,95.16778523489933,"{'ncols': 6, 'nrows': 13, 'sha256': '1847cd8a1c764b8921ace96dce9da545647b179adc95034d434a7e253ca61d5f', 'artifact_path': 'wandb-client-artifact://8kd4aloyxa6sj7m02houcr280cclb28c6o9pl9nqk8qfy6jm9uphbla0b1l9hfw3hct5lt2d3rokqhqvr2k0ohobupk8gyjeeixrgh1jvncvv655sbxmxiq6obmxy7kd:latest/gf_table.table.json', '_latest_artifact_path': 'wandb-client-artifact://8kd4aloyxa6sj7m02houcr280cclb28c6o9pl9nqk8qfy6jm9uphbla0b1l9hfw3hct5lt2d3rokqhqvr2k0ohobupk8gyjeeixrgh1jvncvv655sbxmxiq6obmxy7kd:latest/gf_table.table.json', 'path': 'media/table/gf_table_0_1847cd8a1c764b8921ac.table.json', 'size': 1421, '_type': 'table-file'}",0.7353243827819824,0.668219268321991,0.06757534968852996,96331,88.42964824120602,1.7800840139389038,3.0238122940063477,-0.09341243654489516,6.5070390701293945,1.6853362321853638
13,twilight-sweep-11,0.001411,0,3.194,1,constant,0.0004295,201,True,cpu,False,False,euler,False,False,chameleon,0.3674,1000,True,False,False,sum,sc,graff,False,False,,sc,rw,False,100,adam,3741,1.0,1,True,False,,64,0.5,10,none,True,False,True,False,False,False,zero,uniform,testing,True,,,True,graph_neural_diffusion,True,0.4327,0.80,1,0,False,greed,adaptive_heun,1,100,0,,none,False,True,False,True,True,"[1, 'zero', 'none', 0, False, 'sum', False, True]",False,False,,1,False,1,True,0.008769497111772514,177.24478602409363,66.68859649122807,0.018770717084407806,-513.2366943359375,1.059317111968994,1.7773984138554502,-364812.0,1.759013533592224,1.756788730621338,324226.34375,{'runtime': 176},1681396654.958623,1.0593169927597046,1,11784.8642578125,97.96703296703296,"{'sha256': 'e8980a447837ef57b5d5fdc25ce9793f577033f5486894bf7f08dec818748ff6', 'artifact_path': 'wandb-client-artifact://b74a2txs61nla9fow51ox6dwz3s1q6ew0hjrf33hvkj6ljpwwkff2eky3p89q78kgjuo6im1c2zzaw2ayqhrx7ujmcfw9hlpjwjyhpj77xz2ji6s11adqgic0j126pe1:latest/gf_table.table.json', '_latest_artifact_path': 'wandb-client-artifact://b74a2txs61nla9fow51ox6dwz3s1q6ew0hjrf33hvkj6ljpwwkff2eky3p89q78kgjuo6im1c2zzaw2ayqhrx7ujmcfw9hlpjwjyhpj77xz2ji6s11adqgic0j126pe1:latest/gf_table.table.json', 'path': 'media/table/gf_table_0_e8980a447837ef57b5d5.table.json', 'size': 482, '_type': 'table-file', 'ncols': 6, 'nrows': 4}",0.18729910254478457,1.7567888498306274,0.08601675343513489,153289,66.95473251028807,0.5996708869934082,3.856731414794922,-4.5338616371154785,-0.20566633343696591,0.5137882828712463
10,classic-sweep-14,0.0027,0,3.275,1,constant,0.0006,201,True,cpu,False,False,euler,False,False,squirrel,0.159,1000,True,False,False,sum,sc,graff,False,False,,sc,rw,False,100,adam,7266,1.0,1,False,False,,128,0.5,10,none,True,False,True,False,False,False,zero,uniform,testing,True,,,True,graph_neural_diffusion,True,0.349,0.80,1,0,False,greed,adaptive_heun,1,100,0,,layerwise,False,True,False,True,True,"[1, 'zero', 'none', 0, False, 'sum', False, True]",False,False,,1,False,1,True,3.632503611807064,2086.0681359767914,58.54947166186359,-0.04503435268998146,-1924.9034423828125,1.399637222290039,1.1860772745857873,-3802389.0,1.434192776679993,1.5868710279464722,6323789.5,{'runtime': 2085},1681401126.004599,1.3996371030807495,1,31799.642578125,93.50560897435898,"{'ncols': 6, 'nrows': 4, 'sha256': 'c7aeecec9bcd5d95cd727940f851721187d63f9e770bf04f4aa207d7cab90acf', 'artifact_path': 'wandb-client-artifact://v3p3gdy6yf2kbg9skk8x5pgebo2nxq4iys5awi37s1ziqgv7tqshbsbsngyy1opje4zt1azvamn98tx4br2gzj01j1c7k6zr3panjobcpgfjop91l80abf8p75arojnp:latest/gf_table.table.json', '_latest_artifact_path': 'wandb-client-artifact://v3p3gdy6yf2kbg9skk8x5pgebo2nxq4iys5awi37s1ziqgv7tqshbsbsngyy1opje4zt1azvamn98tx4br2gzj01j1c7k6zr3panjobcpgfjop91l80abf8p75arojnp:latest/gf_table.table.json', 'path': 'media/table/gf_table_0_c7aeecec9bcd5d95cd72.table.json', 'size': 462, '_type': 'table-file'}",0.10522335022687912,1.5868709087371826,1.0318178766965866,284553,59.543269230769226,0.48595818877220154,2.7723329067230225,-4.2053751945495605,-0.25943857431411743,0.464400976896286
18,grateful-sweep-6,0.000117,0,2.0,1,constant,0.02737,201,True,cpu,False,False,euler,False,False,Citeseer,0.2224,1000,False,False,False,sum,sc,graff,False,False,,sc,rw,False,100,adam,2494,0.5,1,True,False,,64,0.5,10,none,True,False,True,False,False,False,zero,uniform,testing,True,,,True,graph_neural_diffusion,False,0.5129,0.80,1,0,False,greed,adaptive_heun,2,100,0,,none,False,True,False,True,True,"[2, 'zero', 'none', 0, False, 'sum', True, False]",False,True,,1,False,1,True,0.019329114811420273,179.5986430644989,75.27019944472775,0.0808958038687706,-3461.87841796875,0.11532768607139587,1.7074172310247937,-153225.25,1.3730247020721436,0.452470600605011,15820.4755859375,{'runtime': 179},1681394480.251724,0.11532767117023468,1,3201.800537109375,83.85273656116694,"{'size': 595, '_type': 'table-file', 'ncols': 6, 'nrows': 5, 'sha256': '0d8a3d70d00c60c8e47990a50d332026b9e5ad2ae02e85081eacd3c2b8953ef7', 'artifact_path': 'wandb-client-artifact://mvwnbsfwhadnqxotf4ewldcgke9a412dcfilzjq0tmh2rc664kon8m83o9d6g2kbiwu5dqg52kkah3oq5pofs2xrhj2n1g5dufh0ynco32sr6vbw4prtv1g3vte8m0a3:latest/gf_table.table.json', '_latest_artifact_path': 'wandb-client-artifact://mvwnbsfwhadnqxotf4ewldcgke9a412dcfilzjq0tmh2rc664kon8m83o9d6g2kbiwu5dqg52kkah3oq5pofs2xrhj2n1g5dufh0ynco32sr6vbw4prtv1g3vte8m0a3:latest/gf_table.table.json', 'path': 'media/table/gf_table_0_0d8a3d70d00c60c8e479.table.json'}",0.998310685157776,0.4524705410003662,0.08738454437255859,241546,76.21657090308173,1.882229924201965,2.7501003742218018,-2.3486454486846924,0.2527017593383789,1.612581491470337
0,azure-sweep-24,0.002105,0,2.008,1,constant,0.01838,201,True,cpu,False,False,euler,False,False,cornell_old,0.2978,1000,True,False,False,sum,sc,graff,False,False,,sc,rw,False,100,adam,4566,1.0,1,True,False,,256,0.5,10,none,True,False,True,False,False,False,zero,uniform,testing,True,,,True,graph_neural_diffusion,False,0.4421,0.80,1,0,False,greed,adaptive_heun,2,100,0,,none,False,True,False,True,True,"[2, 'zero', 'none', 0, False, 'sum', True, False]",False,True,,1,False,1,True,0.0005655888365619534,19.624803066253666,77.56756756756758,0.005962091963738203,63.84725570678711,0.8914952278137207,8.46511338560315,-4180.00634765625,0.1535291224718094,1.2366663217544556,7959.6962890625,{'runtime': 19},1681403416.252404,0.8914953470230103,1,2702.832275390625,99.6551724137931,"{'_type': 'table-file', 'ncols': 6, 'nrows': 3, 'sha256': '21eb801f9f204ae9f1fdda682cb20364bd2e1bd7fd66c85031e27dbaded191c6', 'artifact_path': 'wandb-client-artifact://yvmyfja08p573ak6sog9ngvymiakenpy1gi836n1hqan8rxxcrp7joi38x7fczxcxs93vs0gg78ad2itbi6i4xxvk8lyd7u8zb3gl8u720yo15ugzc42lzlxw6m6kelv:latest/gf_table.table.json', '_latest_artifact_path': 'wandb-client-artifact://yvmyfja08p573ak6sog9ngvymiakenpy1gi836n1hqan8rxxcrp7joi38x7fczxcxs93vs0gg78ad2itbi6i4xxvk8lyd7u8zb3gl8u720yo15ugzc42lzlxw6m6kelv:latest/gf_table.table.json', 'path': 'media/table/gf_table_0_21eb801f9f204ae9f1fd.table.json', 'size': 390}",1.8317503929138184,1.2366663217544556,0.008200668692588807,503049,85.93220338983052,1.0447760820388794,1.570636749267578,-1.3024744987487793,6.05487585067749,0.9416553378105164
3,upbeat-sweep-21,0.002908,0,2.099,1,constant,0.03178,201,True,cpu,False,False,euler,False,False,wisconsin,0.3717,1000,True,False,False,sum,sc,graff,False,False,,sc,rw,False,100,adam,1710,0.5,1,True,False,,256,0.5,10,none,True,False,True,False,False,False,zero,uniform,testing,True,,,True,graph_neural_diffusion,False,0.3674,0.80,1,0,False,greed,adaptive_heun,2,100,0,,none,False,True,False,True,True,"[2, 'zero', 'none', 0, False, 'sum', True, False]",False,True,,1,False,1,True,0.0009355141542176364,29.893829822540283,82.94117647058825,0.003731055185198784,104.19630432128906,0.8972162008285522,4.560667980240397,-4985.642578125,0.12886463105678558,1.245482087135315,12262.810546875,{'runtime': 29},1681403304.068349,0.8972163200378418,1,2886.541015625,99.91666666666669,"{'size': 590, '_type': 'table-file', 'ncols': 6, 'nrows': 5, 'sha256': 'd7008e10b770004ba36e5147d2884e030fe4bb3beeedc5fc3fda0c68dc688e45', 'artifact_path': 'wandb-client-artifact://zct7fyni02z0jo9zf5aq2wr8wr2shjtzem3wgnlqvm7peu93tu4bgjo4z47jppn6sfqg9t5buvzy54ddpuajd26wx6jwcylipq981e72mb2zqz0ow94dhaoodx5rhisg:latest/gf_table.table.json', '_latest_artifact_path': 'wandb-client-artifact://zct7fyni02z0jo9zf5aq2wr8wr2shjtzem3wgnlqvm7peu93tu4bgjo4z47jppn6sfqg9t5buvzy54ddpuajd26wx6jwcylipq981e72mb2zqz0ow94dhaoodx5rhisg:latest/gf_table.table.json', 'path': 'media/table/gf_table_0_d7008e10b770004ba36e.table.json'}",1.5899218320846558,1.2454822063446045,0.013260197043418884,503049,87.625,0.7106863856315613,1.2014538049697876,-1.2069348096847534,2.2158851623535156,0.7141615748405457
15,solar-sweep-9,0.00394,0,2.552,1,constant,0.0003348,201,True,cpu,False,False,euler,False,False,Pubmed,0.4232,1000,True,False,False,sum,sc,graff,False,False,,sc,rw,False,100,adam,1896,0.5,1,True,False,,64,0.5,10,none,True,False,True,False,False,False,zero,uniform,testing,True,,,True,graph_neural_diffusion,False,0.412,0.80,1,0,False,greed,adaptive_heun,2,100,0,,none,False,True,False,True,True,"[2, 'zero', 'none', 0, False, 'sum', True, False]",False,True,,1,False,1,True,0.01624354974310752,592.7198309898376,88.49391480730225,0.17514637112617493,-1528.4033203125,0.17371410131454468,0.5103597017474674,-1102701.625,1.7611634731292725,0.978610336780548,105426.5078125,{'runtime': 592},1681396264.437643,0.17371411621570587,1,2843.88134765625,90.82743316073127,"{'size': 684, '_type': 'table-file', 'ncols': 6, 'nrows': 6, 'sha256': '281b92247af49e884db801848dd1a666caec960e4fc6e08efae513040a1a604d', 'artifact_path': 'wandb-client-artifact://kf8hhd29i9lkz1bj68mwjoc5fjynnf2fpj154k4nw5oz46eba737i2jfr3ygpfmc3go90d56jvh5a98o1gep07dh14l3t74f7f4smvbby4pwzop2m5t3qkyu91paitiw:latest/gf_table.table.json', '_latest_artifact_path': 'wandb-client-artifact://kf8hhd29i9lkz1bj68mwjoc5fjynnf2fpj154k4nw5oz46eba737i2jfr3ygpfmc3go90d56jvh5a98o1gep07dh14l3t74f7f4smvbby4pwzop2m5t3qkyu91paitiw:latest/gf_table.table.json', 'path': 'media/table/gf_table_0_281b92247af49e884db8.table.json'}",1.3066765069961548,0.9786103963851928,0.28483734130859373,36359,88.92868462757528,1.8392469882965088,7.037707805633545,-3.3567283153533936,3.416034698486328,1.6766853332519531
6,dark-sweep-18,0.004,0,2.985,1,constant,0.0089,201,True,cpu,False,False,euler,False,False,texas,0.3293,1000,True,False,False,sum,sc,graff,False,False,,sc,rw,False,100,adam,2135,0.5,1,True,False,,256,0.5,10,none,True,False,True,False,False,False,zero,uniform,testing,True,,,True,graph_neural_diffusion,False,0.3936,0.80,1,0,False,greed,adaptive_heun,2,100,0,,none,False,True,False,True,True,"[2, 'zero', 'none', 0, False, 'sum', True, False]",False,True,,1,False,1,True,0.0007345344452516126,26.104361057281498,76.21621621621622,-0.0036427518352866177,468.31732177734375,0.827381432056427,8.61479862189688,-17701.556640625,0.2916790246963501,1.3357287645339966,23738.724609375,{'runtime': 25},1681403165.879362,0.827381432056427,1,4580.3671875,100.0,"{'_type': 'table-file', 'ncols': 6, 'nrows': 6, 'sha256': '686699b28e4dda40846014d9421bdd6c5e1ac29326c5b5fcca80fdcbe5d6558e', 'artifact_path': 'wandb-client-artifact://ue388aqx0oa17lcfxtk0w65fqw3c1fcvnqrhvdiw272939bq9912utk1xea1jzs19xcwc5ym8fsjko4z6ykw8mwdl3d1zcqv6pnbza9x5owif8e88yadecptoskom1u6:latest/gf_table.table.json', '_latest_artifact_path': 'wandb-client-artifact://ue388aqx0oa17lcfxtk0w65fqw3c1fcvnqrhvdiw272939bq9912utk1xea1jzs19xcwc5ym8fsjko4z6ykw8mwdl3d1zcqv6pnbza9x5owif8e88yadecptoskom1u6:latest/gf_table.table.json', 'path': 'media/table/gf_table_0_686699b28e4dda408460.table.json', 'size': 701}",0.9365721940994264,1.3357287645339966,0.011439645648002624,503049,87.28813559322035,0.7530364394187927,1.616689682006836,-1.7826975584030151,-0.25294697284698486,0.5856950283050537
21,fresh-sweep-3,0.00261,0,3.0,1,constant,0.04125,201,True,cpu,False,False,euler,False,False,Cora,0.3386,1000,True,False,False,sum,sc,graff,False,False,,sc,rw,False,100,adam,6877,0.25,1,True,False,,64,0.5,10,none,True,False,True,False,False,False,zero,uniform,testing,True,,,True,graph_neural_diffusion,False,0.5294,0.80,1,0,False,greed,adaptive_heun,2,100,0,,none,False,True,False,True,True,"[2, 'zero', 'none', 0, False, 'sum', True, False]",False,True,,1,False,1,True,0.003111728751111117,139.2242569923401,87.12273641851107,0.20842333137989044,-1067.0882568359375,0.09308894723653792,0.7844502490791905,-569113.0,0.6982935667037964,0.5922428965568542,48882.9140625,{'runtime': 138},1681393908.268128,0.09308894723653792,1,874.3502197265625,95.81375838926174,"{'_type': 'table-file', 'ncols': 6, 'nrows': 13, 'sha256': '069a77550aef90f5090fa37e29c1f925ad852e7dcc32272fca7ee58dd1223904', 'artifact_path': 'wandb-client-artifact://0csgfx4o66q0g47tzbbcpkl2gvrz09494wvfzw5rxucmznz6lrgq2mgsobp0tim7ebkqh1uzjtftb018cg90atnst604vgtqc57woecqegslc72qs0xk6xmwuzduidf0:latest/gf_table.table.json', '_latest_artifact_path': 'wandb-client-artifact://0csgfx4o66q0g47tzbbcpkl2gvrz09494wvfzw5rxucmznz6lrgq2mgsobp0tim7ebkqh1uzjtftb018cg90atnst604vgtqc57woecqegslc72qs0xk6xmwuzduidf0:latest/gf_table.table.json', 'path': 'media/table/gf_table_0_069a77550aef90f5090f.table.json', 'size': 1420}",0.992949366569519,0.5922428965568542,0.06750750839710236,96331,88.55527638190954,1.7756476402282717,2.8487305641174316,-0.2025209665298462,5.779383182525635,1.6853362321853638
12,cosmic-sweep-12,0.001411,0,3.194,1,constant,0.0004295,201,True,cpu,False,False,euler,False,False,chameleon,0.3674,1000,True,False,False,sum,sc,graff,False,False,,sc,rw,False,100,adam,6432,1.0,1,True,False,,64,0.5,10,none,True,False,True,False,False,False,zero,uniform,testing,True,,,True,graph_neural_diffusion,False,0.4327,0.80,1,0,False,greed,adaptive_heun,2,100,0,,none,False,True,False,True,True,"[2, 'zero', 'none', 0, False, 'sum', True, False]",False,True,,1,False,1,True,0.005635595632359531,179.2844259738922,65.10964912280701,-0.013137057423591614,-806.3242797851562,0.91889226436615,1.0491994485882177,-132465.75,1.8446130752563477,1.743972659111023,122386.0625,{'runtime': 178},1681396850.521767,0.9188923239707948,1,15743.986328125,99.13919413919416,"{'_type': 'table-file', 'ncols': 6, 'nrows': 4, 'sha256': '612d6fd20faf421832452cf91cd1bb342eda9d37834d0e330249a4c041553a8d', 'artifact_path': 'wandb-client-artifact://8jsv5qi6rl1aemzovlc08mhbcsquee60x6muaccmtds9rzqyqtbuz5sdmzaxibm7y1l2imlj6szoqzmza3vbv3bvw4g3qzalq61hzae9k15321x3aoe9w2cxuzke1t1o:latest/gf_table.table.json', '_latest_artifact_path': 'wandb-client-artifact://8jsv5qi6rl1aemzovlc08mhbcsquee60x6muaccmtds9rzqyqtbuz5sdmzaxibm7y1l2imlj6szoqzmza3vbv3bvw4g3qzalq61hzae9k15321x3aoe9w2cxuzke1t1o:latest/gf_table.table.json', 'path': 'media/table/gf_table_0_612d6fd20faf42183245.table.json', 'size': 478}",0.22045864164829257,1.743972897529602,0.08715031838417053,153289,66.22770919067216,0.570448637008667,4.605353832244873,-5.182841777801514,0.06500396132469177,0.5137882828712463
9,laced-sweep-15,0.0027,0,3.275,1,constant,0.0006,201,True,cpu,False,False,euler,False,False,squirrel,0.159,1000,True,False,False,sum,sc,graff,False,False,,sc,rw,False,100,adam,9235,1.0,1,False,False,,128,0.5,10,none,True,False,True,False,False,False,zero,uniform,testing,True,,,True,graph_neural_diffusion,False,0.349,0.80,1,0,False,greed,adaptive_heun,2,100,0,,layerwise,False,True,False,True,True,"[2, 'zero', 'none', 0, False, 'sum', True, False]",False,True,,1,False,1,True,0.035636266517148185,1894.6757469177248,59.73102785782902,-0.02831444889307022,-1324.363525390625,1.0080070495605469,0.9680785926873484,-917230.1875,1.4584766626358032,1.4896796941757202,2750491.0,{'runtime': 1894},1681403038.100435,1.0080070495605469,1,35200.73828125,94.63942307692308,"{'ncols': 6, 'nrows': 4, 'sha256': 'd0a2562fa6315d4832e9c52a01879e3202dfb5ba491282a3e6e16462495cf4c0', 'artifact_path': 'wandb-client-artifact://tznoa35cu1yu56t8jb7mn9cjfs5822fn5kuu9d0zyo7xxkmzbva6hwu2arxtfbmlerbhcekw7j8mndym1ozgmgqc99je4j3j7yef4cvwyiii03x1yoiwqy3n4zm1mkiz:latest/gf_table.table.json', '_latest_artifact_path': 'wandb-client-artifact://tznoa35cu1yu56t8jb7mn9cjfs5822fn5kuu9d0zyo7xxkmzbva6hwu2arxtfbmlerbhcekw7j8mndym1ozgmgqc99je4j3j7yef4cvwyiii03x1yoiwqy3n4zm1mkiz:latest/gf_table.table.json', 'path': 'media/table/gf_table_0_d0a2562fa6315d4832e9.table.json', 'size': 468, '_type': 'table-file'}",0.11917682737112044,1.4896798133850098,0.9362488696575164,284553,59.80769230769231,0.5058434009552002,2.9510133266448975,-3.4338369369506836,-0.10462549328804016,0.464400976896286
